tconst	averageRating	numVotes
tt0000001	5.6	1660
tt0000002	6.1	203
tt0000003	6.5	1373
tt0000004	6.2	123
tt0000005	6.2	2161
tt0000006	5.3	116
tt0000007	5.4	663
tt0000008	5.4	1829
tt0000009	5.9	155
tt0000010	6.9	6087
tt0000011	5.2	267
tt0000012	7.4	10449
tt0000013	5.7	1586
tt0000014	7.1	4662
tt0000015	6.1	830
tt0000016	5.9	1210
tt0000017	4.6	243
tt0000018	5.3	480
tt0000019	5.3	20
tt0000020	5.0	270
tt0000022	5.1	897
tt0000023	5.7	1152
tt0000024	4.5	54
tt0000025	4.2	29
tt0000026	5.7	1319
tt0000027	5.6	935
tt0000028	5.1	862
tt0000029	6.0	2886
tt0000030	5.2	691
tt0000031	5.5	843
tt0000032	5.1	341
tt0000033	5.6	862
tt0000034	5.3	134
tt0000035	5.6	58
tt0000036	4.4	496
tt0000037	4.7	43
tt0000038	4.1	151
tt0000039	3.7	15
tt0000040	4.3	39
tt0000041	6.7	1474
tt0000042	4.7	23
tt0000043	3.9	14
tt0000044	4.8	29
tt0000045	4.8	18
tt0000046	4.5	18
tt0000047	3.8	17
tt0000048	4.8	129
tt0000049	5.4	25
tt0000050	4.4	15
tt0000051	4.1	16
tt0000052	4.6	63
tt0000053	2.8	9
tt0000054	5.4	20
tt0000055	3.9	17
tt0000056	3.5	12
tt0000057	4.6	16
tt0000058	4.5	15
tt0000059	3.9	15
tt0000060	7.6	62
tt0000061	4.1	14
tt0000062	6.5	159
tt0000063	3.9	14
tt0000064	3.6	14
tt0000065	3.7	14
tt0000066	3.6	14
tt0000067	5.9	42
tt0000068	4.0	13
tt0000069	4.8	352
tt0000070	6.4	2291
tt0000071	3.9	16
tt0000072	4.5	15
tt0000073	3.9	13
tt0000074	4.7	17
tt0000075	6.3	1584
tt0000076	4.5	437
tt0000077	5.1	19
tt0000078	4.2	49
tt0000079	4.6	18
tt0000080	4.3	14
tt0000081	4.4	15
tt0000082	4.8	25
tt0000083	4.9	19
tt0000084	4.7	16
tt0000085	5.0	17
tt0000086	4.4	15
tt0000087	4.9	19
tt0000088	4.9	16
tt0000089	6.2	838
tt0000090	4.3	15
tt0000091	6.7	2857
tt0000092	4.9	13
tt0000093	4.9	66
tt0000094	4.5	15
tt0000095	5.0	21
tt0000096	4.8	12
tt0000097	5.2	18
tt0000098	5.7	20
tt0000099	4.9	15
tt0000100	5.1	33
tt0000101	5.0	13
tt0000102	5.0	14
tt0000103	6.0	16
tt0000104	5.5	389
tt0000105	5.7	14
tt0000106	5.0	12
tt0000107	5.8	14
tt0000108	4.4	448
tt0000109	4.5	440
tt0000110	4.4	443
tt0000111	4.5	452
tt0000112	4.5	441
tt0000113	4.4	455
tt0000114	5.7	15
tt0000115	5.4	17
tt0000116	5.8	15
tt0000117	5.1	125
tt0000118	5.8	16
tt0000119	5.8	29
tt0000120	5.6	30
tt0000121	4.5	50
tt0000122	5.7	15
tt0000123	5.8	76
tt0000124	5.9	16
tt0000125	5.0	8
tt0000126	6.0	17
tt0000127	4.9	15
tt0000128	6.0	25
tt0000129	6.8	36
tt0000130	5.8	16
tt0000131	5.8	1102
tt0000132	5.1	878
tt0000133	6.6	23
tt0000134	4.6	8
tt0000135	6.7	52
tt0000137	4.8	13
tt0000138	6.5	878
tt0000139	5.4	16
tt0000140	5.0	226
tt0000141	5.3	63
tt0000142	5.0	11
tt0000143	4.9	199
tt0000144	5.1	230
tt0000145	3.9	7
tt0000146	5.1	14
tt0000147	5.2	359
tt0000148	3.6	7
tt0000149	5.1	11
tt0000150	5.2	113
tt0000151	5.2	33
tt0000152	6.1	181
tt0000153	5.7	344
tt0000154	4.6	8
tt0000155	5.2	14
tt0000156	4.6	12
tt0000157	4.1	8
tt0000158	3.5	8
tt0000159	5.3	71
tt0000160	5.2	9
tt0000161	3.9	8
tt0000162	5.3	399
tt0000163	4.5	6
tt0000164	5.0	231
tt0000165	5.0	92
tt0000166	4.1	7
tt0000167	4.1	104
tt0000168	3.4	7
tt0000169	4.0	20
tt0000170	5.2	187
tt0000171	4.3	6
tt0000172	6.1	690
tt0000173	4.7	18
tt0000174	4.7	106
tt0000175	5.0	166
tt0000176	5.1	7
tt0000177	4.6	192
tt0000178	5.1	107
tt0000179	4.6	24
tt0000181	6.7	37
tt0000182	4.9	471
tt0000183	6.2	18
tt0000184	4.8	263
tt0000186	4.2	12
tt0000187	5.3	36
tt0000188	4.6	7
tt0000190	5.0	117
tt0000192	4.5	138
tt0000194	5.5	66
tt0000196	5.2	20
tt0000197	4.7	11
tt0000198	5.0	10
tt0000199	4.9	7
tt0000204	5.7	7
tt0000205	5.3	20
tt0000206	5.0	7
tt0000207	5.9	7
tt0000208	5.7	471
tt0000209	4.9	17
tt0000210	5.3	18
tt0000211	7.5	3411
tt0000213	4.5	187
tt0000214	4.6	61
tt0000215	4.1	102
tt0000218	5.9	502
tt0000219	6.7	23
tt0000222	4.6	187
tt0000223	5.4	11
tt0000225	5.1	18
tt0000228	4.8	220
tt0000229	4.5	82
tt0000230	6.5	1356
tt0000231	3.5	8
tt0000234	6.1	38
tt0000235	6.2	585
tt0000239	5.4	191
tt0000240	4.3	51
tt0000242	6.3	932
tt0000245	6.1	25
tt0000246	6.4	910
tt0000247	4.9	409
tt0000248	6.0	1342
tt0000251	5.5	92
tt0000253	4.6	18
tt0000256	4.6	130
tt0000261	5.7	47
tt0000264	5.7	358
tt0000265	4.3	100
tt0000269	4.9	100
tt0000271	6.4	7
tt0000272	5.6	688
tt0000273	5.5	490
tt0000274	5.6	192
tt0000276	6.9	9
tt0000277	6.2	48
tt0000278	5.6	7
tt0000279	4.3	7
tt0000280	4.6	7
tt0000281	5.3	7
tt0000283	5.8	12
tt0000284	5.3	180
tt0000285	5.3	7
tt0000286	5.6	181
tt0000287	4.9	123
tt0000288	5.3	161
tt0000292	5.3	68
tt0000296	5.8	208
tt0000299	5.5	186
tt0000300	6.9	1057
tt0000301	4.4	320
tt0000302	5.1	146